edge_type_id target_query source_query model_template delay target_sections syn_weight weight_sigma distance_range dynamics_params
100 pop_name=='Cell_Bask' "pop_name=='['Cell_A', 'Cell_C']'" Exp2Syn 2.0 ['somatic'] 7 2 "[0.0, 300.0]" AMPA_ExcToInh.json
101 "pop_name=='['Cell_A', 'Cell_C']'" pop_name=='Cell_Bask' Exp2Syn 2.0 ['somatic'] 12 2 "[0.0, 300.0]" GABA_InhToExc.json
102 "pop_name=='['Cell_A', 'Cell_C']'" "pop_name=='['Cell_A', 'Cell_C']'" Exp2Syn 2.0 ['somatic'] 2 1 "[0.0, 300.0]" AMPA_ExcToExc.json
103 pop_name=='Cell_Bask' "pop_name=='['Cell_A', 'Cell_C']'" Exp2Syn 2.0 ['somatic'] 7 2 "[0.0, 300.0]" AMPA_ExcToInh.json
104 pop_name=='Cell_Bask' pop_name=='Cell_Bask' Exp2Syn 2.0 ['somatic'] 20 10.0 "[0.0, 600.0]" GABA_InhToInh.json
