{
  "target_simulator": "NEURON",
  "run": {
    "tstart": 0.0,
    "tstop": 1000.0,
    "dt": 0.1,
    "dL": 20.0,
    "spike_threshold": -15.0,
    "nsteps_block": 5000
  },
  "conditions": {
    "celsius": 34.0,
    "v_init": -80.0
  },
  "inputs": {
    "mthalamus_spikes": {
      "input_type": "spikes",
      "module": "sonata",
      "input_file": "/Users/kevinwinni/Downloads/BMTK11.10/mthalamus_spikes.h5",
      "node_set": "mthalamus"
    }
  },
  "output": {
    "log_file": "log.txt",
    "output_dir": "/Users/kevinwinni/Downloads/BMTK11.10/output",
    "spikes_file": "spikes.h5"
  },
  "reports": {
    "v_report": {
      "variable_name": "v",
      "cells": "all",
      "module": "membrane_report",
      "sections": "soma"
    }
  },
  "node_sets_file": "/Users/kevinwinni/Downloads/BMTK11.10/node_sets.json",
  "network": "/Users/kevinwinni/Downloads/BMTK11.10/circuit_config.json",
  "config_path": "/Users/kevinwinni/Downloads/BMTK11.10/simulation_config.json",
  "config_dir": "/Users/kevinwinni/Downloads/BMTK11.10",
  "components": {
    "__pycache___dir": "/Users/kevinwinni/Downloads/BMTK11.10/biophys_components/__pycache__",
    "biophysical_neuron_models_dir": "/Users/kevinwinni/Downloads/BMTK11.10/biophys_components/biophysical_neuron_models",
    "mechanisms_dir": "/Users/kevinwinni/Downloads/BMTK11.10/biophys_components/mechanisms",
    "morphologies_dir": "/Users/kevinwinni/Downloads/BMTK11.10/biophys_components/morphologies",
    "point_neuron_models_dir": "/Users/kevinwinni/Downloads/BMTK11.10/biophys_components/point_neuron_models",
    "synaptic_models_dir": "/Users/kevinwinni/Downloads/BMTK11.10/biophys_components/synaptic_models",
    "templates_dir": "/Users/kevinwinni/Downloads/BMTK11.10/biophys_components/templates"
  },
  "networks": {
    "nodes": [
      {
        "node_types_file": "/Users/kevinwinni/Downloads/BMTK11.10/network/ff_model_node_types.csv",
        "nodes_file": "/Users/kevinwinni/Downloads/BMTK11.10/network/ff_model_nodes.h5"
      },
      {
        "node_types_file": "/Users/kevinwinni/Downloads/BMTK11.10/network/mthalamus_node_types.csv",
        "nodes_file": "/Users/kevinwinni/Downloads/BMTK11.10/network/mthalamus_nodes.h5"
      }
    ],
    "edges": [
      {
        "edge_types_file": "/Users/kevinwinni/Downloads/BMTK11.10/network/ff_model_ff_model_edge_types.csv",
        "edges_file": "/Users/kevinwinni/Downloads/BMTK11.10/network/ff_model_ff_model_edges.h5"
      },
      {
        "edge_types_file": "/Users/kevinwinni/Downloads/BMTK11.10/network/mthalamus_ff_model_edge_types.csv",
        "edges_file": "/Users/kevinwinni/Downloads/BMTK11.10/network/mthalamus_ff_model_edges.h5"
      }
    ]
  }
}