{
  "manifest": {
    "$BASE_DIR": "${configdir}",
    "$NETWORK_DIR": "/home/mizzou/Desktop/backup/BLA_SingleCells-master/fBMTKf/BMTK/network",
    "$COMPONENTS_DIR": "$BASE_DIR/components"
  },
  "components": {
    "biophysical_neuron_models_dir": "$COMPONENTS_DIR/biophysical_neuron_models",
    "__pycache___dir": "$COMPONENTS_DIR/__pycache__",
    "point_neuron_models_dir": "$COMPONENTS_DIR/point_neuron_models",
    "templates_dir": "$COMPONENTS_DIR/templates",
    "synaptic_models_dir": "$COMPONENTS_DIR/synaptic_models",
    "morphologies_dir": "$COMPONENTS_DIR/morphologies",
    "mechanisms_dir": "$COMPONENTS_DIR/mechanisms"
  },
  "networks": {
    "nodes": [
      {
        "nodes_file": "$NETWORK_DIR/mthalamus_nodes.h5",
        "node_types_file": "$NETWORK_DIR/mthalamus_node_types.csv"
      },
      {
        "node_types_file": "$NETWORK_DIR/ff_node_types.csv",
        "nodes_file": "$NETWORK_DIR/ff_nodes.h5"
      }
    ],
    "edges": [
      {
        "edges_file": "$NETWORK_DIR/mthalamus_ff_edges.h5",
        "edge_types_file": "$NETWORK_DIR/mthalamus_ff_edge_types.csv"
      },
      {
        "edges_file": "$NETWORK_DIR/ff_ff_edges.h5",
        "edge_types_file": "$NETWORK_DIR/ff_ff_edge_types.csv"
      }
    ]
  }
}