{
  "manifest": {
    "$BASE_DIR": ".",
    "$OUTPUT_DIR": "$BASE_DIR/output"
  },
  "target_simulator": "NEURON",
  "run": {
    "tstart": 0.0,
    "tstop": 1000.0,
    "dt": 0.1,
    "dL": 20.0,
    "spike_threshold": -15.0
  },
  "conditions": {
    "celsius": 34.0,
    "v_init": -80.0
  },
  "inputs": {
    "tc_spikes": {
      "input_type": "spikes",
      "module": "csv",
      "input_file": "${BASE_DIR}/thalamus_spikes.csv",
      "node_set": "mthalamus"
    }
  }, 
  "output": {
    "log_file": "log.txt",
    "output_dir": "$OUTPUT_DIR",
    "spikes_file": "spikes.h5",
    "overwrite_output_dir": true
  },
  "reports": {
    "v_report": {
      "variable_name": "v",
      "cells": "10",
      "module": "membrane_report",
      "variable_name": [
        "v", 
        "cai"
      ]
    }
  },
  
  "network": "$BASE_DIR/circuit_config.json"
}
